id_album,nom
1,htumasian0
2,kbevans1
3,agretton2
4,cmetson3
5,dleafe4
6,hpapachristophorou5
7,arediers6
8,inelissen7
9,cgayle8
10,fjesty9
11,tfrancescoa
12,omcarleyb
13,zgrayshonc
14,lbatyd
15,jworgane
16,ecogglesf
17,jgodfrayg
18,lcolicoth
19,ptetfordi
20,hlibbisj
21,gstoditk
22,avasyaginl
23,deliotm
24,jtoonn
25,khethrono
26,pgunnp
27,bansettq
28,plammertzr
29,aauberys
30,parnautt
31,ggiovannacciu
32,jwilsonev
33,jseabornew
34,qstyantx
35,hdunphiey
36,aumfreyz
37,kprigg10
38,vseedhouse11
39,bsharply12
40,bbroz13
41,rhyne14
42,kvassman15
43,djanko16
44,jbaccus17
45,atwidell18
46,vdelasalle19
47,ballmen1a
48,bocorrigane1b
49,hpoyzer1c
50,dwhicher1d
51,xpetrescu1e
52,wlivingston1f
53,ljubb1g
54,thepher1h
55,vblackborow1i
56,cplowell1j
57,lstuddert1k
58,gtapsfield1l
59,wplease1m
60,bspeak1n
61,aarndt1o
62,ksnoxell1p
63,sdurdy1q
64,akelinge1r
65,vlamps1s
66,mmycroft1t
67,oerb1u
68,otolcharde1v
69,bdmisek1w
70,gtwentyman1x
71,sgiraths1y
72,lwatkiss1z
73,mslader20
74,sgwilt21
75,apennycuick22
76,epolley23
77,dbills24
78,gdamant25
79,twindless26
80,hwilber27
81,dstange28
82,ewhorf29
83,calbro2a
84,bfeavearyear2b
85,idast2c
86,kgiacopelo2d
87,djacobi2e
88,perdis2f
89,ahuzzey2g
90,wdeadman2h
91,lpointing2i
92,chulk2j
93,tmollnar2k
94,vhuntar2l
95,bwarland2m
96,atakos2n
97,hransbury2o
98,rrothman2p
99,rburndred2q
100,mmarval2r
